USE ticket_management;

SET FOREIGN_KEY_CHECKS = 0;
DELETE FROM orders;
DELETE FROM items;
DELETE FROM profiles;
DELETE FROM categories;
DELETE FROM users;
SET FOREIGN_KEY_CHECKS = 1;

ALTER TABLE users AUTO_INCREMENT = 10001;
ALTER TABLE categories AUTO_INCREMENT = 4001;
ALTER TABLE items AUTO_INCREMENT = 2001;
ALTER TABLE orders AUTO_INCREMENT = 3001;
ALTER TABLE profiles AUTO_INCREMENT = 5001;

INSERT INTO users (user_id, username, password_hash, email, phone, role, status, created_at, updated_at) VALUES
    (10001, 'admin01', '$2a$10$pIWuroiczMvy/H64tHdN9e38AT9Z1Pp1xOdy3.3ZFyjCNZRQ51586', 'admin01@ticket.local', '13800000001', 'ADMIN', 1, '2026-01-01 09:00:00', '2026-01-01 09:00:00'),
    (10002, 'admin02', '$2a$10$pIWuroiczMvy/H64tHdN9e38AT9Z1Pp1xOdy3.3ZFyjCNZRQ51586', 'admin02@ticket.local', '13800000002', 'ADMIN', 1, '2026-01-02 09:00:00', '2026-01-02 09:00:00'),
    (10003, 'admin03', '$2a$10$pIWuroiczMvy/H64tHdN9e38AT9Z1Pp1xOdy3.3ZFyjCNZRQ51586', 'admin03@ticket.local', '13800000003', 'ADMIN', 1, '2026-01-03 09:00:00', '2026-01-03 09:00:00'),
    (10004, 'user01', '$2a$10$pIWuroiczMvy/H64tHdN9e38AT9Z1Pp1xOdy3.3ZFyjCNZRQ51586', 'user01@ticket.local', '13900000001', 'USER', 1, '2026-01-04 09:00:00', '2026-01-04 09:00:00'),
    (10005, 'user02', '$2a$10$pIWuroiczMvy/H64tHdN9e38AT9Z1Pp1xOdy3.3ZFyjCNZRQ51586', 'user02@ticket.local', '13900000002', 'USER', 1, '2026-01-05 09:00:00', '2026-01-05 09:00:00'),
    (10006, 'user03', '$2a$10$pIWuroiczMvy/H64tHdN9e38AT9Z1Pp1xOdy3.3ZFyjCNZRQ51586', 'user03@ticket.local', '13900000003', 'USER', 1, '2026-01-06 09:00:00', '2026-01-06 09:00:00'),
    (10007, 'user04', '$2a$10$pIWuroiczMvy/H64tHdN9e38AT9Z1Pp1xOdy3.3ZFyjCNZRQ51586', 'user04@ticket.local', '13900000004', 'USER', 1, '2026-01-07 09:00:00', '2026-01-07 09:00:00'),
    (10008, 'user05', '$2a$10$pIWuroiczMvy/H64tHdN9e38AT9Z1Pp1xOdy3.3ZFyjCNZRQ51586', 'user05@ticket.local', '13900000005', 'USER', 1, '2026-01-08 09:00:00', '2026-01-08 09:00:00'),
    (10009, 'user06', '$2a$10$pIWuroiczMvy/H64tHdN9e38AT9Z1Pp1xOdy3.3ZFyjCNZRQ51586', 'user06@ticket.local', '13900000006', 'USER', 0, '2026-01-09 09:00:00', '2026-01-09 09:00:00'),
    (10010, 'user07', '$2a$10$pIWuroiczMvy/H64tHdN9e38AT9Z1Pp1xOdy3.3ZFyjCNZRQ51586', 'user07@ticket.local', '13900000007', 'USER', 1, '2026-01-10 09:00:00', '2026-01-10 09:00:00');

INSERT INTO categories (category_id, name, parent_id) VALUES
    (4001, '账户问题', NULL),
    (4002, '支付问题', NULL),
    (4003, '系统故障', NULL),
    (4004, '订单咨询', NULL),
    (4005, '登录异常', 4001),
    (4006, '实名认证', 4001),
    (4007, '退款申请', 4002),
    (4008, '重复扣费', 4002),
    (4009, '页面报错', 4003),
    (4010, '功能异常', 4003);

INSERT INTO profiles (profile_id, user_id, real_name, id_card, address, notes) VALUES
    (5001, 10001, '系统管理员甲', '310101198001010001', '上海市浦东新区世纪大道1号', '负责全局配置'),
    (5002, 10002, '客服主管乙', '310101198102020002', '上海市徐汇区漕溪北路2号', '负责质量复核'),
    (5003, 10003, '客服专员丙', '310101198203030003', '上海市长宁区延安西路3号', '负责系统类问题'),
    (5004, 10004, '张一', '310101199001010004', '杭州市西湖区文三路88号', '高频咨询用户'),
    (5005, 10005, '李二', '310101199102020005', '苏州市工业园区金鸡湖大道18号', '偏好邮件联系'),
    (5006, 10006, '王三', '310101199203030006', '南京市鼓楼区中山路66号', '历史工单较多'),
    (5007, 10007, '赵四', '310101199304040007', '合肥市蜀山区长江西路99号', '常见支付问题'),
    (5008, 10008, '钱五', '310101199405050008', '宁波市鄞州区天童南路199号', '需要回访'),
    (5009, 10009, '孙六', '310101199506060009', '无锡市梁溪区解放东路168号', '当前已禁用'),
    (5010, 10010, '周七', '310101199607070010', '嘉兴市南湖区中环南路77号', '首次提交工单');

INSERT INTO items (item_id, title, category_id, status, created_at, updated_at) VALUES
    (2001, '无法登录桌面客户端', 4005, 0, '2026-02-01 10:00:00', '2026-02-01 10:00:00'),
    (2002, '实名认证总是失败', 4006, 1, '2026-02-02 10:30:00', '2026-02-02 10:30:00'),
    (2003, '申请退款后金额未到账', 4007, 2, '2026-02-03 11:00:00', '2026-02-03 11:00:00'),
    (2004, '系统提示重复扣费', 4008, 3, '2026-02-04 11:30:00', '2026-02-04 11:30:00'),
    (2005, '结算页面出现500报错', 4009, 4, '2026-02-05 12:00:00', '2026-02-05 12:00:00'),
    (2006, '导出功能无法使用', 4010, 1, '2026-02-06 12:30:00', '2026-02-06 12:30:00'),
    (2007, '密码修改后仍提示错误', 4005, 0, '2026-02-07 13:00:00', '2026-02-07 13:00:00'),
    (2008, '退款状态长时间未更新', 4007, 1, '2026-02-08 13:30:00', '2026-02-08 13:30:00'),
    (2009, '支付后订单状态未变化', 4008, 2, '2026-02-09 14:00:00', '2026-02-09 14:00:00'),
    (2010, '系统通知消息乱码', 4010, 3, '2026-02-10 14:30:00', '2026-02-10 14:30:00'),
    (2011, '账号被莫名退出登录', 4005, 0, '2026-03-01 09:15:00', '2026-03-01 09:15:00'),
    (2012, '实名认证资料已提交无反馈', 4006, 1, '2026-03-02 09:45:00', '2026-03-02 09:45:00'),
    (2013, '重复扣费后余额未修正', 4008, 2, '2026-03-03 10:15:00', '2026-03-03 10:15:00'),
    (2014, '订单详情页空白', 4009, 3, '2026-03-04 10:45:00', '2026-03-04 10:45:00'),
    (2015, '批量导入功能报错', 4010, 4, '2026-03-05 11:15:00', '2026-03-05 11:15:00'),
    (2016, '支付成功后发票未生成', 4002, 1, '2026-03-06 11:45:00', '2026-03-06 11:45:00'),
    (2017, '客服回复通知未收到', 4004, 0, '2026-03-07 12:15:00', '2026-03-07 12:15:00'),
    (2018, '工单附件无法预览', 4010, 2, '2026-03-08 12:45:00', '2026-03-08 12:45:00'),
    (2019, '历史订单金额显示错误', 4004, 3, '2026-03-09 13:15:00', '2026-03-09 13:15:00'),
    (2020, '手机验证码登录异常', 4005, 1, '2026-03-10 13:45:00', '2026-03-10 13:45:00');

INSERT INTO orders (order_id, user_id, item_id, amount, status, created_at) VALUES
    (3001, 10004, 2001, 0.00, 0, '2026-02-01 10:05:00'),
    (3002, 10005, 2002, 0.00, 1, '2026-02-02 10:35:00'),
    (3003, 10006, 2003, 88.00, 2, '2026-02-03 11:05:00'),
    (3004, 10007, 2004, 120.00, 3, '2026-02-04 11:35:00'),
    (3005, 10008, 2005, 0.00, 4, '2026-02-05 12:05:00'),
    (3006, 10010, 2006, 30.00, 1, '2026-02-06 12:35:00'),
    (3007, 10004, 2007, 0.00, 0, '2026-02-07 13:05:00'),
    (3008, 10005, 2008, 66.60, 1, '2026-02-08 13:35:00'),
    (3009, 10006, 2009, 18.80, 2, '2026-02-09 14:05:00'),
    (3010, 10007, 2010, 0.00, 3, '2026-02-10 14:35:00'),
    (3011, 10008, 2011, 0.00, 0, '2026-03-01 09:20:00'),
    (3012, 10010, 2012, 15.00, 1, '2026-03-02 09:50:00'),
    (3013, 10004, 2013, 45.50, 2, '2026-03-03 10:20:00'),
    (3014, 10005, 2014, 0.00, 3, '2026-03-04 10:50:00'),
    (3015, 10006, 2015, 99.99, 4, '2026-03-05 11:20:00'),
    (3016, 10007, 2016, 12.00, 1, '2026-03-06 11:50:00'),
    (3017, 10008, 2017, 0.00, 0, '2026-03-07 12:20:00'),
    (3018, 10010, 2018, 25.00, 2, '2026-03-08 12:50:00'),
    (3019, 10004, 2019, 199.00, 3, '2026-03-09 13:20:00'),
    (3020, 10005, 2020, 0.00, 1, '2026-03-10 13:50:00');
