USE ticket_management;

SET FOREIGN_KEY_CHECKS = 0;
DELETE FROM data_lifecycle_runs;
DELETE FROM handling_macros;
DELETE FROM reply_templates;
DELETE FROM knowledge_articles;
DELETE FROM ticket_history;
DELETE FROM ticket_ratings;
DELETE FROM notifications;
DELETE FROM ticket_assignment_rules;
DELETE FROM orders;
DELETE FROM items;
DELETE FROM profiles;
DELETE FROM sla_policies;
DELETE FROM categories;
DELETE FROM users;
SET FOREIGN_KEY_CHECKS = 1;

ALTER TABLE users AUTO_INCREMENT = 10001;
ALTER TABLE categories AUTO_INCREMENT = 4001;
ALTER TABLE items AUTO_INCREMENT = 2001;
ALTER TABLE orders AUTO_INCREMENT = 3001;
ALTER TABLE profiles AUTO_INCREMENT = 5001;
ALTER TABLE sla_policies AUTO_INCREMENT = 6001;
ALTER TABLE ticket_assignment_rules AUTO_INCREMENT = 7001;
ALTER TABLE notifications AUTO_INCREMENT = 8001;
ALTER TABLE knowledge_articles AUTO_INCREMENT = 9001;
ALTER TABLE reply_templates AUTO_INCREMENT = 10001;
ALTER TABLE handling_macros AUTO_INCREMENT = 11001;
ALTER TABLE data_lifecycle_runs AUTO_INCREMENT = 13001;

-- 每个内置账号使用不同的临时密码，并在首次登录时强制修改。
INSERT INTO users (user_id, username, password_hash, email, phone, role, status,
                   failed_login_attempts, locked_until, must_change_password, password_changed_at,
                   created_at, updated_at) VALUES
    (10001, 'admin01', '$2a$12$OzJdGwxR6JOPJnEfhJHeOOf49viWN2SY26HIi04oo.SlDoujbeObq', 'admin01@ticket.local', '13800000001', 'ROOT', 1, 0, NULL, 1, NULL, '2026-01-01 09:00:00', '2026-01-01 09:00:00'),
    (10002, 'admin02', '$2a$12$Xj3FjyJfDPPbur5BJd2icey4bxSD7jR86nc.fNibClFq/bLtfghQa', 'admin02@ticket.local', '13800000002', 'ROOT', 1, 0, NULL, 1, NULL, '2026-01-02 09:00:00', '2026-01-02 09:00:00'),
    (10003, 'admin03', '$2a$12$5gfJ8hwvjakmDO5xti7VWu.hwlr2Zkbu45y745ZjYaOqIV6/906be', 'admin03@ticket.local', '13800000003', 'ADMIN', 1, 0, NULL, 1, NULL, '2026-01-03 09:00:00', '2026-01-03 09:00:00'),
    (10004, 'user01', '$2a$12$XUOV3QxRm5lcVXsCAA9A3euDlAoZg/BRWJLDMLoeoZKZYxqBSG5pa', 'user01@ticket.local', '13900000001', 'USER', 1, 0, NULL, 1, NULL, '2026-01-04 09:00:00', '2026-01-04 09:00:00'),
    (10005, 'user02', '$2a$12$ymlkux1AKQIsKIFkJF7F2eE2fNE.rFz3FyUhLTVdxuOcLSyLUEoYG', 'user02@ticket.local', '13900000002', 'USER', 1, 0, NULL, 1, NULL, '2026-01-05 09:00:00', '2026-01-05 09:00:00'),
    (10006, 'user03', '$2a$12$YksUENCIP.kkFx8K7t6qZOfEASug39pXpeGTLYkvaf0XZqP7PtZa2', 'user03@ticket.local', '13900000003', 'USER', 1, 0, NULL, 1, NULL, '2026-01-06 09:00:00', '2026-01-06 09:00:00'),
    (10007, 'user04', '$2a$12$NJoBy1cT663AaAc/K9WrKuZz6nNh1PD14CaZUgjpQ/TCUiBOK15Km', 'user04@ticket.local', '13900000004', 'USER', 1, 0, NULL, 1, NULL, '2026-01-07 09:00:00', '2026-01-07 09:00:00'),
    (10008, 'user05', '$2a$12$/bI4dBSunVTD5DUkKQaT0u7AQJ4WThpE9bJ/pc9Cn6v2O/boJZEDO', 'user05@ticket.local', '13900000005', 'USER', 1, 0, NULL, 1, NULL, '2026-01-08 09:00:00', '2026-01-08 09:00:00'),
    (10009, 'user06', '$2a$12$4MU4fb8K7pyAxHKl4qjije2hRDx0xCo/KwbuDx2zfMMogUmUpi5JW', 'user06@ticket.local', '13900000006', 'USER', 0, 0, NULL, 1, NULL, '2026-01-09 09:00:00', '2026-01-09 09:00:00'),
    (10010, 'user07', '$2a$12$Q2WK1dK81z5DbVUxgg.j.uwQvVEL6.ZGcdpil8KMrWIr9Gv5MtTEW', 'user07@ticket.local', '13900000007', 'USER', 1, 0, NULL, 1, NULL, '2026-01-10 09:00:00', '2026-01-10 09:00:00'),
    (10011, 'admin04', '$2a$12$mJyIQmvojc5K4Smhs3H6z.XgwH6Q3IMdql9UKCHED8kv5cGg15RlG', 'admin04@ticket.local', '13800000004', 'ADMIN', 1, 0, NULL, 1, NULL, '2026-01-11 09:00:00', '2026-01-11 09:00:00'),
    (10012, 'admin05', '$2a$12$xmWTZDHkgzRZCt.dWfNpbOOWYnMmLunXo46UFSVzokIPG80ltdDnK', 'admin05@ticket.local', '13800000005', 'ADMIN', 1, 0, NULL, 1, NULL, '2026-01-12 09:00:00', '2026-01-12 09:00:00');

INSERT INTO categories (category_id, name, parent_id) VALUES
    (4001, '账户问题', NULL),
    (4002, '支付问题', NULL),
    (4003, '系统故障', NULL),
    (4004, '订单咨询', NULL),
    (4005, '登录异常', 4001),
    (4006, '实名认证', 4001),
    (4007, '退款申请', 4002),
    (4008, '重复扣费', 4002),
    (4009, '页面报错', 4003),
    (4010, '功能异常', 4003);

INSERT INTO sla_policies (policy_id, policy_name, priority, first_response_minutes,
                          next_response_minutes, resolution_minutes, business_hours_only, enabled) VALUES
    (6001, '低优先级服务标准', 'LOW', 480, 480, 2400, 1, 1),
    (6002, '普通服务标准', 'MEDIUM', 240, 240, 1440, 1, 1),
    (6003, '高优先级服务标准', 'HIGH', 120, 120, 480, 1, 1),
    (6004, '紧急服务标准', 'URGENT', 30, 60, 240, 1, 1);

-- 默认启用“最少待办”兜底规则；更具体的分类/优先级规则可使用更小 sort_order 覆盖。
INSERT INTO ticket_assignment_rules (rule_id, rule_name, category_id, priority, strategy,
                                     target_admin_id, enabled, sort_order) VALUES
    (7001, '全部工单按最少待办自动分配', NULL, NULL, 'LEAST_LOADED', NULL, 1, 1000);

INSERT INTO knowledge_articles (article_id, title, summary, content, category_id, keywords,
                                status, created_by, updated_by) VALUES
    (9001, '如何补充工单信息', '提交复现步骤、截图和发生时间可以加快处理。',
     '请提供：1. 问题发生时间；2. 完整复现步骤；3. 错误提示或截图；4. 期望结果。',
     NULL, '复现步骤,截图,错误信息', 'PUBLISHED', 10003, 10003),
    (9002, '账号密码正确但无法登录', '排查账号锁定、密码过期和客户端缓存。',
     '先确认用户名无多余空格并重新输入密码。若连续失败多次，请等待账号保护期结束；仍无法登录时清理客户端缓存，并在工单中提供登录时间和错误提示。',
     4005, '登录失败,账号锁定,密码错误', 'PUBLISHED', 10003, 10003),
    (9003, '收不到短信或邮件验证码', '从发送频率、拦截设置和联系方式三方面排查。',
     '请等待 60 秒后重试，检查垃圾邮件、短信拦截和手机信号，并确认账号绑定的邮箱或手机号正确。短时间内请勿连续点击，以免触发发送限制。',
     4005, '验证码,短信,邮件,收不到', 'PUBLISHED', 10003, 10003),
    (9004, '实名认证失败的常见原因', '姓名证件不一致、图片不清晰或证件过期都会导致失败。',
     '请使用有效期内证件原件拍摄，保证四角完整、文字清晰、无反光遮挡；填写姓名和证件号码时与证件完全一致，提交后不要重复修改资料。',
     4006, '实名认证,证件,审核失败', 'PUBLISHED', 10003, 10003),
    (9005, '实名认证审核需要多久', '说明正常审核时间和加急所需信息。',
     '实名认证通常在 1 至 3 个工作日内完成。超过 3 个工作日仍未更新时，请提交申请时间、账号和申请页面截图，客服会核对审核队列。',
     4006, '实名认证,审核时间,进度', 'PUBLISHED', 10003, 10003),
    (9006, '如何申请订单退款', '介绍退款入口、范围和处理步骤。',
     '进入订单详情选择申请退款，填写原因并提交。已发货、已核销或超过售后期的订单可能需要人工审核；请保留订单号和相关凭证。',
     4007, '退款申请,订单,售后', 'PUBLISHED', 10003, 10003),
    (9007, '退款成功但款项未到账', '不同支付渠道到账时间不同。',
     '退款状态显示成功后，银行卡通常需 1 至 7 个工作日，余额或原支付账户一般更快。超过渠道时限请提供订单号、退款时间和支付流水号。',
     4007, '退款未到账,支付渠道,流水号', 'PUBLISHED', 10003, 10003),
    (9008, '发现重复扣费怎么办', '先确认是否存在多笔订单或预授权，再提交支付凭证。',
     '请核对银行账单中的商户名、金额和交易时间，并确认是否生成了两笔订单。若仅一笔订单但发生两次实际扣款，请上传两笔支付流水截图，注意遮挡完整卡号。',
     4008, '重复扣费,账单,支付流水', 'PUBLISHED', 10003, 10003),
    (9009, '支付成功但订单状态未更新', '避免重复支付并帮助客服定位异步通知。',
     '请勿再次付款。先刷新订单页并等待 10 分钟；仍显示未支付时，提供订单号、支付时间、金额和渠道流水号，客服将核对支付回调。',
     4002, '支付成功,订单未更新,支付回调', 'PUBLISHED', 10003, 10003),
    (9010, '支付失败的自助排查', '检查限额、网络、余额和渠道维护状态。',
     '请确认账户余额和单笔限额充足，关闭代理网络后重试，并检查银行或支付渠道是否处于维护中。失败后请记录错误码，不要连续发起多笔相同支付。',
     4002, '支付失败,限额,错误码', 'PUBLISHED', 10003, 10003),
    (9011, '页面出现 500 或系统错误', '记录发生时间和请求路径便于定位服务端异常。',
     '刷新一次并重新登录；若仍报错，请提供发生时间、页面地址、操作步骤和完整错误截图。请勿在截图中暴露密码、验证码等敏感信息。',
     4009, '500错误,页面报错,服务异常', 'PUBLISHED', 10003, 10003),
    (9012, '页面空白或一直加载', '排查浏览器缓存、扩展和网络环境。',
     '尝试无痕窗口、清理本站缓存并禁用脚本拦截类扩展，然后切换网络重试。若问题持续，请提供浏览器版本、页面地址和开发者工具中的错误截图。',
     4009, '页面空白,加载中,缓存,浏览器', 'PUBLISHED', 10003, 10003),
    (9013, '导出任务失败或文件为空', '缩小时间范围并检查下载权限。',
     '先将导出时间范围缩小到 30 天内并减少筛选条件，确认浏览器允许下载。若文件仍为空，请提供导出时间、筛选条件和任务提示。',
     4010, '导出失败,空文件,下载', 'PUBLISHED', 10003, 10003),
    (9014, '附件上传或预览失败', '说明支持的文件大小和重新上传方法。',
     '单个附件不超过 10 MB，一次最多 5 个且总计不超过 25 MB。请缩短文件名、确认文件未损坏后重新上传；预览失败时可先另存到本地打开。',
     4010, '附件,上传失败,预览失败', 'PUBLISHED', 10003, 10003),
    (9015, '收不到工单回复通知', '检查站内未读消息和通知偏好。',
     '先打开系统通知中心查看未读消息，再检查个人资料中的通知偏好和邮箱地址。邮件可能被归入垃圾邮件；即使邮件延迟，站内工单回复仍会完整保留。',
     4004, '通知,邮件,工单回复', 'PUBLISHED', 10003, 10003),
    (9016, '订单金额或状态显示异常', '先核对订单详情、优惠和实际支付记录。',
     '请刷新订单详情并核对商品金额、优惠、退款和实际支付记录。提交工单时提供订单号、期望金额、当前显示值及对应截图。',
     4004, '订单金额,状态异常,优惠', 'PUBLISHED', 10003, 10003),
    (9017, '支付后没有生成发票', '说明开票条件和人工核对信息。',
     '确认订单已完成且填写了正确的发票抬头和税号。开票任务通常需要一定处理时间；超过页面承诺时限后，请提供订单号、开票时间和发票抬头。',
     4004, '发票,开票,订单', 'PUBLISHED', 10003, 10003),
    (9018, '客户端升级与缓存清理指南', '升级前保存工作，升级后清理旧缓存。',
     '退出客户端后安装最新版本，再重新登录。若升级后界面异常，可在设置中清理缓存并重启；重要附件和未提交内容请先保存到本地。',
     4003, '客户端升级,缓存,重启', 'PUBLISHED', 10003, 10003),
    (9019, '系统维护期间如何处理', '解释维护窗口、暂挂工单和恢复后的处理顺序。',
     '计划维护期间部分功能可能暂时不可用，相关工单会被暂挂并暂停 SLA。维护结束后系统恢复计时，客服会按原优先级继续处理。',
     4003, '系统维护,暂挂,SLA', 'PUBLISHED', 10003, 10003),
    (9020, '提交截图和日志时的安全提示', '上传前遮挡密码、验证码、证件号和银行卡号。',
     '仅提供定位问题所需的信息。截图和日志中请遮挡密码、动态验证码、完整证件号码、银行卡号和访问令牌；客服不会索要账号密码。',
     4001, '隐私,截图,日志,敏感信息', 'PUBLISHED', 10003, 10003);

INSERT INTO reply_templates (template_id, template_name, content, category_id, enabled, created_by) VALUES
    (10001, '请客户补充信息', '您好，为了继续处理，请补充问题发生时间、完整复现步骤以及相关截图。',
     NULL, 1, 10003),
    (10002, '已收到并开始处理', '您好，您的问题我们已经收到，客服正在核对相关记录。后续进展会通过工单回复通知您，请暂时不要重复提交。', NULL, 1, 10003),
    (10003, '方案已提供请确认', '您好，处理方案已在本工单中提供，请按步骤操作并告知结果。若问题已解决，也请确认关闭工单，谢谢。', NULL, 1, 10003),
    (10004, '登录异常排查', '您好，请确认用户名无多余空格并重新输入密码；若连续失败，请等待账号保护期结束后再试，并提供登录时间和错误提示。', 4005, 1, 10003),
    (10005, '验证码接收排查', '您好，请等待 60 秒后重试，并检查垃圾邮件、短信拦截和账号绑定的联系方式。若仍未收到，请提供发送时间及脱敏后的手机号或邮箱。', 4005, 1, 10003),
    (10006, '实名认证补充资料', '您好，请重新上传有效期内的证件原件照片，确保四角完整、文字清晰且无反光，并确认姓名和证件号码完全一致。', 4006, 1, 10003),
    (10007, '实名认证审核中', '您好，您的实名认证资料已进入人工审核，预计 1 至 3 个工作日完成。审核期间请勿重复提交或修改资料。', 4006, 1, 10003),
    (10008, '退款申请已受理', '您好，退款申请已受理，我们正在核对订单和支付记录。审核结果及原路退回进度会在本工单中同步。', 4007, 1, 10003),
    (10009, '退款到账时限说明', '您好，系统已完成退款操作，实际到账时间以支付渠道为准，银行卡通常需要 1 至 7 个工作日。超过时限请回复支付流水号。', 4007, 1, 10003),
    (10010, '重复扣费核实', '您好，请提供两笔扣款的交易时间、金额和脱敏后的支付流水截图。请遮挡完整卡号和其他无关敏感信息。', 4008, 1, 10003),
    (10011, '请提供支付凭证', '您好，请提供订单号、支付时间、金额、支付渠道和脱敏后的渠道流水号。核实前请勿重复支付。', 4002, 1, 10003),
    (10012, '订单状态同步中', '您好，已确认支付记录，正在同步订单状态。同步完成后页面会自动更新，请稍后刷新查看。', 4004, 1, 10003),
    (10013, '请补充页面报错信息', '您好，请补充报错发生时间、页面地址、完整操作步骤、浏览器或客户端版本以及错误截图。', 4009, 1, 10003),
    (10014, '建议清理缓存后重试', '您好，请退出当前页面，清理本站缓存或客户端缓存后重新登录再试。如仍异常，请告知操作结果。', 4009, 1, 10003),
    (10015, '导出替代方案', '您好，请先将导出时间范围缩小到 30 天内并减少筛选条件后重试。若仍失败，请回复导出时间和筛选条件。', 4010, 1, 10003),
    (10016, '附件重新上传', '您好，请确认单个附件不超过 10 MB、文件未损坏并缩短文件名后重新上传；也可先压缩文件再提交。', 4010, 1, 10003),
    (10017, '通知设置检查', '您好，请先查看站内通知中心，并检查个人资料中的通知偏好、邮箱地址及垃圾邮件目录。', 4004, 1, 10003),
    (10018, '计划维护通知', '您好，当前功能处于计划维护窗口，相关工单已暂挂并暂停 SLA。维护结束后我们会恢复处理并通知您。', 4003, 1, 10003),
    (10019, '问题已解决请确认', '您好，问题已处理完成，请您验证业务结果。若确认无误可关闭工单；如仍有异常，请在可重新打开期限内回复。', NULL, 1, 10003),
    (10020, '暂时无法复现', '您好，目前根据已有信息暂时无法复现问题。工单将先行暂挂，请补充最新复现时间、步骤和相关截图后我们继续排查。', NULL, 1, 10003);

INSERT INTO handling_macros (macro_id, macro_name, reply_template_id, target_status, enabled, created_by) VALUES
    (11001, '请补充并等待客户', 10001, 5, 1, 10003),
    (11002, '确认受理并开始处理', 10002, 1, 1, 10003),
    (11003, '方案已提供等待确认', 10003, 5, 1, 10003),
    (11004, '登录排查等待客户', 10004, 5, 1, 10003),
    (11005, '验证码排查等待客户', 10005, 5, 1, 10003),
    (11006, '实名认证补件等待客户', 10006, 5, 1, 10003),
    (11007, '实名认证审核暂挂', 10007, 6, 1, 10003),
    (11008, '退款受理进入处理中', 10008, 1, 1, 10003),
    (11009, '退款到账说明待确认', 10009, 5, 1, 10003),
    (11010, '重复扣费进入核查', 10010, 1, 1, 10003),
    (11011, '支付凭证待补充', 10011, 5, 1, 10003),
    (11012, '订单同步进入处理中', 10012, 1, 1, 10003),
    (11013, '页面报错待补充', 10013, 5, 1, 10003),
    (11014, '缓存方案等待验证', 10014, 5, 1, 10003),
    (11015, '导出替代方案待确认', 10015, 5, 1, 10003),
    (11016, '附件重传等待客户', 10016, 5, 1, 10003),
    (11017, '通知设置等待验证', 10017, 5, 1, 10003),
    (11018, '维护窗口暂挂工单', 10018, 6, 1, 10003),
    (11019, '客户确认后完成', 10019, 2, 1, 10003),
    (11020, '无法复现暂挂', 10020, 6, 1, 10003);

INSERT INTO profiles (profile_id, user_id, real_name, id_card, address, notes) VALUES
    (5001, 10001, '系统所有者甲', '310101198001010001', '上海市浦东新区世纪大道1号', '主要 ROOT，负责平台治理'),
    (5002, 10002, '应急所有者乙', '310101198102020002', '上海市徐汇区漕溪北路2号', '应急 ROOT，凭据离线保管'),
    (5003, 10003, '客服专员丙', '310101198203030003', '上海市长宁区延安西路3号', '负责系统类问题'),
    (5004, 10004, '张一', '310101199001010004', '杭州市西湖区文三路88号', '高频咨询用户'),
    (5005, 10005, '李二', '310101199102020005', '苏州市工业园区金鸡湖大道18号', '偏好邮件联系'),
    (5006, 10006, '王三', '310101199203030006', '南京市鼓楼区中山路66号', '历史工单较多'),
    (5007, 10007, '赵四', '310101199304040007', '合肥市蜀山区长江西路99号', '常见支付问题'),
    (5008, 10008, '钱五', '310101199405050008', '宁波市鄞州区天童南路199号', '需要回访'),
    (5009, 10009, '孙六', '310101199506060009', '无锡市梁溪区解放东路168号', '当前已禁用'),
    (5010, 10010, '周七', '310101199607070010', '嘉兴市南湖区中环南路77号', '首次提交工单'),
    (5011, 10011, '客服专员丁', '310101198304040004', '上海市虹口区四川北路4号', '负责支付类问题'),
    (5012, 10012, '客服专员戊', '310101198405050005', '上海市杨浦区四平路5号', '负责账号类问题');

INSERT INTO items (item_id, title, category_id, status, created_at, updated_at) VALUES
    (2001, '无法登录桌面客户端', 4005, 0, '2026-02-01 10:00:00', '2026-02-01 10:00:00'),
    (2002, '实名认证总是失败', 4006, 1, '2026-02-02 10:30:00', '2026-02-02 10:30:00'),
    (2003, '申请退款后金额未到账', 4007, 2, '2026-02-03 11:00:00', '2026-02-03 11:00:00'),
    (2004, '系统提示重复扣费', 4008, 3, '2026-02-04 11:30:00', '2026-02-04 11:30:00'),
    (2005, '结算页面出现500报错', 4009, 4, '2026-02-05 12:00:00', '2026-02-05 12:00:00'),
    (2006, '导出功能无法使用', 4010, 1, '2026-02-06 12:30:00', '2026-02-06 12:30:00'),
    (2007, '密码修改后仍提示错误', 4005, 0, '2026-02-07 13:00:00', '2026-02-07 13:00:00'),
    (2008, '退款状态长时间未更新', 4007, 1, '2026-02-08 13:30:00', '2026-02-08 13:30:00'),
    (2009, '支付后订单状态未变化', 4008, 2, '2026-02-09 14:00:00', '2026-02-09 14:00:00'),
    (2010, '系统通知消息乱码', 4010, 3, '2026-02-10 14:30:00', '2026-02-10 14:30:00'),
    (2011, '账号被莫名退出登录', 4005, 0, '2026-03-01 09:15:00', '2026-03-01 09:15:00'),
    (2012, '实名认证资料已提交无反馈', 4006, 1, '2026-03-02 09:45:00', '2026-03-02 09:45:00'),
    (2013, '重复扣费后余额未修正', 4008, 2, '2026-03-03 10:15:00', '2026-03-03 10:15:00'),
    (2014, '订单详情页空白', 4009, 3, '2026-03-04 10:45:00', '2026-03-04 10:45:00'),
    (2015, '批量导入功能报错', 4010, 4, '2026-03-05 11:15:00', '2026-03-05 11:15:00'),
    (2016, '支付成功后发票未生成', 4002, 1, '2026-03-06 11:45:00', '2026-03-06 11:45:00'),
    (2017, '客服回复通知未收到', 4004, 0, '2026-03-07 12:15:00', '2026-03-07 12:15:00'),
    (2018, '工单附件无法预览', 4010, 2, '2026-03-08 12:45:00', '2026-03-08 12:45:00'),
    (2019, '历史订单金额显示错误', 4004, 3, '2026-03-09 13:15:00', '2026-03-09 13:15:00'),
    (2020, '手机验证码登录异常', 4005, 1, '2026-03-10 13:45:00', '2026-03-10 13:45:00');

INSERT INTO orders (order_id, user_id, item_id, amount, status, created_at) VALUES
    (3001, 10004, 2001, 0.00, 0, '2026-02-01 10:05:00'),
    (3002, 10005, 2002, 0.00, 1, '2026-02-02 10:35:00'),
    (3003, 10006, 2003, 88.00, 2, '2026-02-03 11:05:00'),
    (3004, 10007, 2004, 120.00, 3, '2026-02-04 11:35:00'),
    (3005, 10008, 2005, 0.00, 4, '2026-02-05 12:05:00'),
    (3006, 10010, 2006, 30.00, 1, '2026-02-06 12:35:00'),
    (3007, 10004, 2007, 0.00, 0, '2026-02-07 13:05:00'),
    (3008, 10005, 2008, 66.60, 1, '2026-02-08 13:35:00'),
    (3009, 10006, 2009, 18.80, 2, '2026-02-09 14:05:00'),
    (3010, 10007, 2010, 0.00, 3, '2026-02-10 14:35:00'),
    (3011, 10008, 2011, 0.00, 0, '2026-03-01 09:20:00'),
    (3012, 10010, 2012, 15.00, 1, '2026-03-02 09:50:00'),
    (3013, 10004, 2013, 45.50, 2, '2026-03-03 10:20:00'),
    (3014, 10005, 2014, 0.00, 3, '2026-03-04 10:50:00'),
    (3015, 10006, 2015, 99.99, 4, '2026-03-05 11:20:00'),
    (3016, 10007, 2016, 12.00, 1, '2026-03-06 11:50:00'),
    (3017, 10008, 2017, 0.00, 0, '2026-03-07 12:20:00'),
    (3018, 10010, 2018, 25.00, 2, '2026-03-08 12:50:00'),
    (3019, 10004, 2019, 199.00, 3, '2026-03-09 13:20:00'),
    (3020, 10005, 2020, 0.00, 1, '2026-03-10 13:50:00');
